﻿<?xml version="1.0" encoding="utf-8" standalone="no" ?>
<placeable>
    <storeData>
		<name>MixingStation</name>		
        <functions>
            <function>$l10n_function_farmSilo</function>
        </functions>
        <specs>
            <capacity>10000000</capacity>
            <fillTypes>forage forage_mixing dryGrass_windrow silage straw</fillTypes>
        </specs>
        <image>MixingStation.dds</image>
        <price>120000</price>
        <lifetime>1000</lifetime>
        <dailyUpkeep>40</dailyUpkeep>
        <rotation>0</rotation>
        <brand>LIZARD</brand>
        <species>placeable</species>
        <category>silos</category>
        <vertexBufferMemoryUsage>470248</vertexBufferMemoryUsage>
        <indexBufferMemoryUsage>61608</indexBufferMemoryUsage>
        <textureMemoryUsage>18752208</textureMemoryUsage>
        <instanceVertexBufferMemoryUsage>0</instanceVertexBufferMemoryUsage>
        <instanceIndexBufferMemoryUsage>0</instanceIndexBufferMemoryUsage>
    </storeData>
    <placeableType>silo</placeableType>
    <filename>MixingStation.i3d</filename>
	
    <placement testSizeX="30" testSizeZ="17" sizeX="25" sizeZ="12" useRandomYRotation="false" useManualYRotation="true"/>

	<hotspots>
        <hotspot name="MixingStation" fullName="MixingStation" imageName="SELLING_POINT" hidable="true" linkNode="7" category="CATEGORY_TRIGGERS"/>
    </hotspots>
	
	
    <clearAreas>
        <clearArea startNode="4|0" widthNode="4|0|0" heightNode="4|0|1"/>
    </clearAreas>
	
    <leveling requireLeveling="true" maxSmoothDistance="10" maxSlope="75" maxEdgeAngle="30">
        <levelAreas>
            <levelArea startNode="5|0" widthNode="5|0|0" heightNode="5|0|1" groundType="asphalt"/>
        </levelAreas>
    </leveling>	
	
	
    <triggerMarkers>
        <triggerMarker node="6"/>
    </triggerMarkers>
	
    <loadingStation stationName="MixingStation" appearsOnPDA="false" storageRadius="0" fillSoundIdentifier="fillSound01">
        <loadTrigger triggerNode="0|0|0|0" fillLitersPerSecond="800000" dischargeNode="0|0|0|1">
            <effectNode effectNode="0|0|0|2|0" materialType="unloading" materialTypeId="3" fadeTime="0.5"/>
            <effectNode effectNode="0|0|0|2|1" materialType="smoke" materialTypeId="1" fadeTime="0.5"/>
        </loadTrigger>
    </loadingStation>
    <unloadingStation stationName="MixingStation" appearsOnPDA="false" storageRadius="0">
        <unloadTrigger exactFillRootNode="2|0" baleTriggerNode="2|1" />
    </unloadingStation>
	
    <storages>
        <storage node="3|0" fillTypes="forage forage_mixing dryGrass_windrow silage straw" capacityPerFillType="5000000" />
    </storages>	
	
    <tipOcclusionUpdateArea sizeX="25" sizeZ="12"/>
	<litersPerMin>10000</litersPerMin>
	<filltypename_in1>dryGrass_windrow</filltypename_in1>
	<percentage_in1>47</percentage_in1>	
	<filltypename_in2>straw</filltypename_in2>
	<percentage_in2>27</percentage_in2>	
	<filltypename_in3>silage</filltypename_in3>
	<percentage_in3>26</percentage_in3>	
	<filltypename_out>forage</filltypename_out>
	
	<dayNightObjects>
        <dayNightObject node="8|2|0" intensityDay="0" intensityNight="1" />
        <dayNightObject node="8|2|1" visibleDay="false" visibleNight="true" />
        <dayNightObject node="9|2|0" intensityDay="0" intensityNight="1" />
        <dayNightObject node="9|2|1" visibleDay="false" visibleNight="true" />
        <dayNightObject node="10|2|0" intensityDay="0" intensityNight="1" />
        <dayNightObject node="10|2|1" visibleDay="false" visibleNight="true" />
        <dayNightObject node="11|2|0" intensityDay="0" intensityNight="1" />
		<dayNightObject node="11|2|1" visibleDay="false" visibleNight="true" />
		<dayNightObject node="12|0|0|0" intensityDay="0" intensityNight="1" />
		<dayNightObject node="12|0|0|1" visibleDay="false" visibleNight="true" />
		<dayNightObject node="13|0|0|0" intensityDay="0" intensityNight="1" />
		<dayNightObject node="13|0|0|1" visibleDay="false" visibleNight="true" />
		<dayNightObject node="14|0|0|0" intensityDay="0" intensityNight="1" />
		<dayNightObject node="14|0|0|1" visibleDay="false" visibleNight="true" />
		<dayNightObject node="16|2|0" intensityDay="0" intensityNight="1" />
		<dayNightObject node="16|2|1" visibleDay="false" visibleNight="true" />
		<dayNightObject node="17|0" intensityDay="0" intensityNight="1" />
    </dayNightObjects>
	
</placeable>
