﻿<?xml version="1.0" encoding="utf-8" standalone="no" ?>
<modDesc descVersion="40">
    <author>Edward`s Modding</author>
    <version>1.0</version>
    <iconFilename>MixingStation.dds</iconFilename>
	
    <title>
        <en>Forage Mixing Station</en>
        <de>Forage Mixing Station</de>
    </title>
	
    <description>
        <de>
            <![CDATA[Lager dein Häckselgut ein und es wird langsam zu Silage. ]]>
        </de>
    </description>
	
    <multiplayer supported="true"/>	
	
    <storeItems>
        <storeItem rootNode="placeable" xmlFilename="ForageMixingStation.xml"/>
    </storeItems>
	<extraSourceFiles>	
		<sourceFile filename="FillTypeMover.lua" /> 
	</extraSourceFiles>
	<l10n>
		<text name="shopItem_silageproduction">
			<en>Forage Mixing Station</en>
			<de>Forage Mixing Station</de>
        </text>
		<text name="function_silageproduction">
            <en>Straw 27%+ hay/forage 47%+ silage 26% = TMR Production</en>
        </text>
	</l10n>	
</modDesc>
